{
  "lang":"fi",
  "name":"pipeline",
  "version":"0.0.0",
  "spacy_version":">=3.8.2,<3.9.0",
  "description":"",
  "author":"",
  "email":"",
  "url":"",
  "license":"",
  "spacy_git_version":"63f1b53",
  "vectors":{
    "width":0,
    "vectors":0,
    "keys":0,
    "name":null,
    "mode":"default"
  },
  "labels":{
    "tok2vec":[

    ],
    "ner":[
      "LOC",
      "PERSON"
    ]
  },
  "pipeline":[
    "tok2vec",
    "ner"
  ],
  "components":[
    "tok2vec",
    "ner"
  ],
  "disabled":[

  ],
  "performance":{
    "ents_f":0.64,
    "ents_p":0.64,
    "ents_r":0.64,
    "ents_per_type":{
      "PERSON":{
        "p":0.9333333333,
        "r":0.6666666667,
        "f":0.7777777778
      },
      "LOC":{
        "p":0.2,
        "r":0.5,
        "f":0.2857142857
      }
    },
    "tok2vec_loss":2151.7409193385,
    "ner_loss":13.1417152765
  }
}